ufo-sightings.pdf	76x123	Tulli Papyrus	13	PERSON
ufo-sightings.pdf	472x136	Tulli Papyrus	13	PERSON
ufo-sightings.pdf	150x141	Jebel Barkal	12	PERSON
ufo-sightings.pdf	327x110	Jebel Barkal	12	PERSON
ufo-sightings.pdf	384x96	Thutmose	8	PERSON
ufo-sightings.pdf	341x123	Thutmose	8	PERSON
ufo-sightings.pdf	372x273	Moon	4	PERSON
ufo-sightings.pdf	310x284	Richard Stothers	16	PERSON
ufo-sightings.pdf	344x377	Flavius Josephus	16	PERSON
ufo-sightings.pdf	70x564	Clonmacnoise	12	PERSON
ufo-sightings.pdf	214x559	Clonmacnoise	12	PERSON
ufo-sightings.pdf	314x558	Clonmacnoise	12	PERSON
ufo-sightings.pdf	317x119	Ilse Von Jacobi	15	PERSON
ufo-sightings.pdf	262x188	Samuel Coccius	14	PERSON
ufo-sightings.pdf	167x233	Gangwon	7	PERSON
ufo-sightings.pdf	399x352	José Bonilla	12	PERSON
ufo-sightings.pdf	78x364	Bonilla	7	PERSON
ufo-sightings.pdf	422x352	Bonilla	7	PERSON
ufo-sightings.pdf	367x374	Bonilla	7	PERSON
ufo-sightings.pdf	78x470	Aurora	6	PERSON
ufo-sightings.pdf	160x481	Aurora	6	PERSON
ufo-sightings.pdf	320x487	Aurora	6	PERSON
ufo-sightings.pdf	356x463	S.E. Hayden	11	PERSON
ufo-sightings.pdf	377x463	Hayden	6	PERSON
ufo-sightings.pdf	374x474	Hayden	6	PERSON
ufo-sightings.pdf	76x259	Mihal
Grameno
UFO
	18	PERSON
ufo-sightings.pdf	76x270	Mihal
Grameno
UFO
	18	PERSON
ufo-sightings.pdf	76x281	Mihal
Grameno
UFO
	18	PERSON
ufo-sightings.pdf	262x247	Mihal Grameno	13	PERSON
ufo-sightings.pdf	170x356	Podkamennaya	12	PERSON
ufo-sightings.pdf	565x473	José
	5	PERSON
ufo-sightings.pdf	430x518	Jacques Vallée	14	PERSON
ufo-sightings.pdf	502x518	Joaquim Fernandes	17	PERSON
ufo-sightings.pdf	282x531	Fina d'Armada	13	PERSON
ufo-sightings.pdf	76x552	Nicholas
Roerich UFO	20	PERSON
ufo-sightings.pdf	76x563	Nicholas
Roerich UFO	20	PERSON
ufo-sightings.pdf	481x551	Nicholas Roerich	16	PERSON
ufo-sightings.pdf	523x551	Roerich	7	PERSON
ufo-sightings.pdf	342x576	Roerich	7	PERSON
ufo-sightings.pdf	76x602	Frank Smythe	12	PERSON
ufo-sightings.pdf	550x671	Charlotte
Mann	14	PERSON
ufo-sightings.pdf	262x683	Charlotte
Mann	14	PERSON
ufo-sightings.pdf	499x683	William Huffman	15	PERSON
ufo-sightings.pdf	76x308	Ängelholm	9	PERSON
ufo-sightings.pdf	195x314	Ängelholm	9	PERSON
ufo-sightings.pdf	363x307	Gösta Carlsson	14	PERSON
ufo-sightings.pdf	76x375	Kenneth
Arnold	14	PERSON
ufo-sightings.pdf	76x386	Kenneth
Arnold	14	PERSON
ufo-sightings.pdf	317x351	Kenneth
Arnold	14	PERSON
ufo-sightings.pdf	303x446	Kenneth
Arnold	14	PERSON
ufo-sightings.pdf	400x374	Bill Bequette	13	PERSON
ufo-sightings.pdf	357x351	Arnold	6	PERSON
ufo-sightings.pdf	334x385	Arnold	6	PERSON
ufo-sightings.pdf	262x407	Arnold	6	PERSON
ufo-sightings.pdf	342x446	Arnold	6	PERSON
ufo-sightings.pdf	441x483	Emil Smith	10	PERSON
ufo-sightings.pdf	530x483	Ralph
Stephens	14	PERSON
ufo-sightings.pdf	262x494	Ralph
Stephens	14	PERSON
ufo-sightings.pdf	398x494	Marty Morrow	12	PERSON
ufo-sightings.pdf	414x550	William Albert Rhodes	21	PERSON
ufo-sightings.pdf	219x375	north	5	PERSON
ufo-sightings.pdf	183x641	north	5	PERSON
ufo-sightings.pdf	96x635	Roswell	7	PERSON
ufo-sightings.pdf	153x652	Roswell	7	PERSON
ufo-sightings.pdf	262x605	Walter Haut	11	PERSON
ufo-sightings.pdf	368x639	Jesse Marcel	12	PERSON
ufo-sightings.pdf	262x695	Fred Crisman	12	PERSON
ufo-sightings.pdf	479x695	Harold A. Dahl	14	PERSON
ufo-sightings.pdf	412x706	Raymond A. Palmer	17	PERSON
ufo-sightings.pdf	420x91	Goede	5	PERSON
ufo-sightings.pdf	76x159	Mantell	7	PERSON
ufo-sightings.pdf	349x135	Mantell	7	PERSON
ufo-sightings.pdf	435x370	Mantell	7	PERSON
ufo-sightings.pdf	300x135	Thomas F. Mantell	17	PERSON
ufo-sightings.pdf	316x146	P-51 Mustang	12	PERSON
ufo-sightings.pdf	350x194	Skyhook	7	PERSON
ufo-sightings.pdf	303x213	Silas Newton	12	PERSON
ufo-sightings.pdf	279x260	Roswell	7	PERSON
ufo-sightings.pdf	355x281	John Whitted	12	PERSON
ufo-sightings.pdf	474x359	Edward J. Ruppelt	17	PERSON
ufo-sightings.pdf	527x370	Chiles-Whitted	14	PERSON
ufo-sightings.pdf	63x75	McMinnville	11	PERSON
ufo-sightings.pdf	139x92	McMinnville	11	PERSON
ufo-sightings.pdf	63x130	Mariana	7	PERSON
ufo-sightings.pdf	139x136	Great Falls	11	PERSON
ufo-sightings.pdf	306x124	Great Falls	11	PERSON
ufo-sightings.pdf	255x135	Great Falls	11	PERSON
ufo-sightings.pdf	322x224	W. I. Robinson	14	PERSON
ufo-sightings.pdf	392x224	A. G. Oberg	11	PERSON
ufo-sightings.pdf	470x224	W. L. Ducker	12	PERSON
ufo-sightings.pdf	268x248	Carl Hart Jr.	13	PERSON
ufo-sightings.pdf	233x389	William B. Nash	15	PERSON
ufo-sightings.pdf	325x389	William H. Fortenberry	22	PERSON
ufo-sightings.pdf	451x444	Kathleen May	12	PERSON
ufo-sightings.pdf	288x467	Eugene Lemon	12	PERSON
ufo-sightings.pdf	494x444	May	3	PERSON
ufo-sightings.pdf	233x478	May	3	PERSON
ufo-sightings.pdf	63x523	Marius Dewilde	14	PERSON
ufo-sightings.pdf	63x534	Marius Dewilde	14	PERSON
ufo-sightings.pdf	324x511	Marius Dewilde	14	PERSON
ufo-sightings.pdf	357x511	Dewilde	7	PERSON
ufo-sightings.pdf	450x522	Dewilde	7	PERSON
ufo-sightings.pdf	308x545	Dewilde	7	PERSON
ufo-sightings.pdf	311x557	Aimé Michel	11	PERSON
ufo-sightings.pdf	388x557	Jacques	7	PERSON
ufo-sightings.pdf	163x584	Stadio
Artemio Franchi	22	PERSON
ufo-sightings.pdf	139x596	Stadio
Artemio Franchi	22	PERSON
ufo-sightings.pdf	552x578	Stadio
Artemio Franchi	22	PERSON
ufo-sightings.pdf	233x589	Stadio
Artemio Franchi	22	PERSON
ufo-sightings.pdf	63x656	Kelly	5	PERSON
ufo-sightings.pdf	63x80	Elizabeth	9	PERSON
ufo-sightings.pdf	500x80	Elizabeth	9	PERSON
ufo-sightings.pdf	139x92	Drakensberg	11	PERSON
ufo-sightings.pdf	260x80	Drakensberg	11	PERSON
ufo-sightings.pdf	63x92	Elizabeth Klarer	16	PERSON
ufo-sightings.pdf	233x104	Akon	4	PERSON
ufo-sightings.pdf	63x220	Gordon Cooper	13	PERSON
ufo-sightings.pdf	63x231	Gordon Cooper	13	PERSON
ufo-sightings.pdf	233x128	Gordon Cooper	13	PERSON
ufo-sightings.pdf	280x128	Gordon Cooper	13	PERSON
ufo-sightings.pdf	391x161	Cooper	6	PERSON
ufo-sightings.pdf	304x193	Cooper	6	PERSON
ufo-sightings.pdf	304x224	Cooper	6	PERSON
ufo-sightings.pdf	343x272	Cooper	6	PERSON
ufo-sightings.pdf	481x289	Cooper	6	PERSON
ufo-sightings.pdf	431x193	James Bittick	13	PERSON
ufo-sightings.pdf	533x193	Jack Gettys	11	PERSON
ufo-sightings.pdf	63x364	Milton Torres	13	PERSON
ufo-sightings.pdf	349x358	Milton Torres	13	PERSON
ufo-sightings.pdf	92x364	Torres	6	PERSON
ufo-sightings.pdf	379x358	Torres	6	PERSON
ufo-sightings.pdf	327x393	Torres	6	PERSON
ufo-sightings.pdf	63x419	Antônio	7	PERSON
ufo-sightings.pdf	289x413	Antônio	7	PERSON
ufo-sightings.pdf	169x414	Near São
Francisco de
Sales, Minas
Gerais	41	PERSON
ufo-sightings.pdf	139x425	Near São
Francisco de
Sales, Minas
Gerais	41	PERSON
ufo-sightings.pdf	139x437	Near São
Francisco de
Sales, Minas
Gerais	41	PERSON
ufo-sightings.pdf	139x448	Near São
Francisco de
Sales, Minas
Gerais	41	PERSON
ufo-sightings.pdf	139x513	Albuquerque	11	PERSON
ufo-sightings.pdf	63x573	Barney Hill	11	PERSON
ufo-sightings.pdf	414x567	Barney Hill	11	PERSON
ufo-sightings.pdf	139x573	Lancaster	9	PERSON
ufo-sightings.pdf	388x590	Betty Hill	10	PERSON
ufo-sightings.pdf	291x623	Kallamishtëz	12	PERSON
ufo-sightings.pdf	63x668	Lonnie Zamora	13	PERSON
ufo-sightings.pdf	63x679	Lonnie Zamora	13	PERSON
ufo-sightings.pdf	293x667	Lonnie Zamora	13	PERSON
ufo-sightings.pdf	326x667	Zamora	6	PERSON
ufo-sightings.pdf	494x667	Zamora	6	PERSON
ufo-sightings.pdf	63x734	Spaceman	8	PERSON
ufo-sightings.pdf	366x734	Spaceman	8	PERSON
ufo-sightings.pdf	421x711	Jim Templeton	13	PERSON
ufo-sightings.pdf	440x711	Templeton	9	PERSON
ufo-sightings.pdf	233x734	Templeton	9	PERSON
ufo-sightings.pdf	265x40	Jacob Salatun	13	PERSON
ufo-sightings.pdf	294x40	Salatun	7	PERSON
ufo-sightings.pdf	520x62	Salatun	7	PERSON
ufo-sightings.pdf	494x85	Salatun	7	PERSON
ufo-sightings.pdf	355x129	James McDivitt	14	PERSON
ufo-sightings.pdf	387x129	McDivitt	8	PERSON
ufo-sightings.pdf	392x140	McDivitt	8	PERSON
ufo-sightings.pdf	74x213	Exeter	6	PERSON
ufo-sightings.pdf	139x207	Exeter	6	PERSON
ufo-sightings.pdf	437x200	Exeter	6	PERSON
ufo-sightings.pdf	388x213	Exeter	6	PERSON
ufo-sightings.pdf	433x213	John G.	7	PERSON
ufo-sightings.pdf	63x290	Valensole	9	PERSON
ufo-sightings.pdf	139x284	Valensole	9	PERSON
ufo-sightings.pdf	301x239	Maurice Massé	13	PERSON
ufo-sightings.pdf	339x239	Massé	5	PERSON
ufo-sightings.pdf	312x284	Massé	5	PERSON
ufo-sightings.pdf	139x440	Dexter	6	PERSON
ufo-sightings.pdf	284x582	Stefan Michalak	15	PERSON
ufo-sightings.pdf	495x740	X-Ray	5	PERSON
ufo-sightings.pdf	63x95	Jimmy Carter	12	PERSON
ufo-sightings.pdf	427x94	Jimmy Carter	12	PERSON
ufo-sightings.pdf	177x150	Pori	4	PERSON
ufo-sightings.pdf	289x127	Jouko Kuronen	13	PERSON
ufo-sightings.pdf	336x138	Tarmo Tukeva	12	PERSON
ufo-sightings.pdf	367x138	Tukeva	6	PERSON
ufo-sightings.pdf	405x138	Tukeva	6	PERSON
ufo-sightings.pdf	318x127	Kuronen	7	PERSON
ufo-sightings.pdf	330x149	Kuronen	7	PERSON
ufo-sightings.pdf	461x149	Kuronen	7	PERSON
ufo-sightings.pdf	63x250	Pascagoula	10	PERSON
ufo-sightings.pdf	139x256	Pascagoula	10	PERSON
ufo-sightings.pdf	528x238	Pascagoula	10	PERSON
ufo-sightings.pdf	233x238	Charles Hickson	15	PERSON
ufo-sightings.pdf	328x238	Calvin Parker	13	PERSON
ufo-sightings.pdf	63x299	Berwyn	6	PERSON
ufo-sightings.pdf	139x305	Llandrillo	10	PERSON
ufo-sightings.pdf	63x359	John Lennon	11	PERSON
ufo-sightings.pdf	275x347	John Lennon	11	PERSON
ufo-sightings.pdf	442x347	Pang	4	PERSON
ufo-sightings.pdf	87x359	Lennon	6	PERSON
ufo-sightings.pdf	299x347	Lennon	6	PERSON
ufo-sightings.pdf	233x370	Lennon	6	PERSON
ufo-sightings.pdf	65x71	North Hudson	12	PERSON
ufo-sightings.pdf	392x81	North Hudson	12	PERSON
ufo-sightings.pdf	153x82	North Bergen	12	PERSON
ufo-sightings.pdf	246x70	George O'Barski	15	PERSON
ufo-sightings.pdf	286x94	Budd Hopkins	12	PERSON
ufo-sightings.pdf	65x148	Travis Walton	13	PERSON
ufo-sightings.pdf	280x118	Travis Walton	13	PERSON
ufo-sightings.pdf	324x178	Travis Walton	13	PERSON
ufo-sightings.pdf	246x118	Logger Travis Walton	20	PERSON
ufo-sightings.pdf	94x148	Walton	6	PERSON
ufo-sightings.pdf	309x118	Walton	6	PERSON
ufo-sightings.pdf	246x140	Walton	6	PERSON
ufo-sightings.pdf	311x153	Walton	6	PERSON
ufo-sightings.pdf	246x165	Walton	6	PERSON
ufo-sightings.pdf	354x178	Walton	6	PERSON
ufo-sightings.pdf	65x303	Petrozavodsk	12	PERSON
ufo-sightings.pdf	304x257	Petrozavodsk	12	PERSON
ufo-sightings.pdf	530x302	Petrozavodsk	12	PERSON
ufo-sightings.pdf	183x398	Colares	7	PERSON
ufo-sightings.pdf	304x380	Colares	7	PERSON
ufo-sightings.pdf	347x392	Chupa Chupa	11	PERSON
ufo-sightings.pdf	153x476	Lublin	6	PERSON
ufo-sightings.pdf	308x447	Jan Wolski	10	PERSON
ufo-sightings.pdf	327x447	Wolski	6	PERSON
ufo-sightings.pdf	341x492	Wolski	6	PERSON
ufo-sightings.pdf	197x550	Victoria
Frederick Valentich	28	PERSON
ufo-sightings.pdf	246x525	Victoria
Frederick Valentich	28	PERSON
ufo-sightings.pdf	65x544	Valentich	9	PERSON
ufo-sightings.pdf	291x525	Valentich	9	PERSON
ufo-sightings.pdf	373x548	Valentich	9	PERSON
ufo-sightings.pdf	177x606	Torriglia	9	PERSON
ufo-sightings.pdf	346x594	Pier Fortunato Zanfretta	24	PERSON
ufo-sightings.pdf	65x733	Val Johnson	11	PERSON
ufo-sightings.pdf	278x732	Val Johnson	11	PERSON
ufo-sightings.pdf	351x745	light.[181][182	15	PERSON
ufo-sightings.pdf	372x743	light.[181][182	15	PERSON
ufo-sightings.pdf	65x58	Robert Taylor	13	PERSON
ufo-sightings.pdf	318x40	Robert Taylor	13	PERSON
ufo-sightings.pdf	460x40	Dechmont Law	12	PERSON
ufo-sightings.pdf	97x58	Taylor	6	PERSON
ufo-sightings.pdf	351x40	Taylor	6	PERSON
ufo-sightings.pdf	494x74	Taylor	6	PERSON
ufo-sightings.pdf	184x119	Valencia	8	PERSON
ufo-sightings.pdf	153x130	Valencia	8	PERSON
ufo-sightings.pdf	431x107	Francisco Javier Lerdo de Tejada	32	PERSON
ufo-sightings.pdf	246x129	Supercaravelle	14	PERSON
ufo-sightings.pdf	246x185	Oscar Santa María Huertas	25	PERSON
ufo-sightings.pdf	246x285	RAF Woodbridge	14	PERSON
ufo-sightings.pdf	345x285	RAF Bentwaters	14	PERSON
ufo-sightings.pdf	246x341	Betty Cash	10	PERSON
ufo-sightings.pdf	317x341	Victoria Landrum	16	PERSON
ufo-sightings.pdf	331x407	Renato Nicolai	14	PERSON
ufo-sightings.pdf	491x430	GEPAN	5	PERSON
ufo-sightings.pdf	506x465	GEPAN	5	PERSON
ufo-sightings.pdf	477x510	Júlio Guerra	12	PERSON
ufo-sightings.pdf	486x523	landing.[197][198	17	PERSON
ufo-sightings.pdf	521x521	landing.[197][198	17	PERSON
ufo-sightings.pdf	491x588	J. Allen	8	PERSON
ufo-sightings.pdf	183x628	São Paulo	9	PERSON
ufo-sightings.pdf	153x650	Minas Gerais	12	PERSON
ufo-sightings.pdf	472x655	Mach	4	PERSON
ufo-sightings.pdf	500x713	Kenju Terauchi	14	PERSON
ufo-sightings.pdf	272x728	Terauchi Kenju	14	PERSON
ufo-sightings.pdf	382x728	Takanori Tamefuji	17	PERSON
ufo-sightings.pdf	511x728	Tamefuji Takanori	17	PERSON
ufo-sightings.pdf	331x744	Yoshio Tsukuda	14	PERSON
ufo-sightings.pdf	442x744	Tsukuda Yoshio	14	PERSON
ufo-sightings.pdf	402x35	Terauchi	8	PERSON
ufo-sightings.pdf	342x68	Philip Spencer	14	PERSON
ufo-sightings.pdf	370x68	Spencer	7	PERSON
ufo-sightings.pdf	426x80	Spencer	7	PERSON
ufo-sightings.pdf	65x137	Gulf Breeze	11	PERSON
ufo-sightings.pdf	153x142	Gulf Breeze	11	PERSON
ufo-sightings.pdf	327x113	Ed Walters	10	PERSON
ufo-sightings.pdf	153x281	Perthshire	10	PERSON
ufo-sightings.pdf	153x441	Minas Gerais	12	PERSON
ufo-sightings.pdf	322x460	Rodrigo Brandão.[219][220	25	PERSON
ufo-sightings.pdf	401x458	Rodrigo Brandão.[219][220	25	PERSON
ufo-sightings.pdf	80x108	Bonsall	7	PERSON
ufo-sightings.pdf	173x119	Bonsall	7	PERSON
ufo-sightings.pdf	318x96	Sharon Rowlands	15	PERSON
ufo-sightings.pdf	173x424	Bailiwick	9	PERSON
ufo-sightings.pdf	173x435	Guernsey	8	PERSON
ufo-sightings.pdf	579x428	Ray
Bowyer	10	PERSON
ufo-sightings.pdf	273x440	Ray
Bowyer	10	PERSON
ufo-sightings.pdf	80x484	Dudley Dorito	13	PERSON
ufo-sightings.pdf	297x478	Dudley Dorito	13	PERSON
ufo-sightings.pdf	80x572	Morristown	10	PERSON
ufo-sightings.pdf	173x578	Morristown	10	PERSON
ufo-sightings.pdf	389x560	Morristown	10	PERSON
ufo-sightings.pdf	313x582	Morristown	10	PERSON
ufo-sightings.pdf	80x671	Harbour Mille	13	PERSON
ufo-sightings.pdf	214x659	Harbour Mille	13	PERSON
ufo-sightings.pdf	173x671	Harbour Mille	13	PERSON
ufo-sightings.pdf	331x683	Harbour Mille	13	PERSON
ufo-sightings.pdf	80x85	Roosevelt	9	PERSON
ufo-sightings.pdf	410x56	Roosevelt	9	PERSON
ufo-sightings.pdf	431x266	RAF Mildenhall	14	PERSON
ufo-sightings.pdf	505x266	RAF Feltwell	12	PERSON
ufo-sightings.pdf	79x396	Donald	6	PERSON
ufo-sightings.pdf	80x63	Aliens	6	PERSON
ufo-sightings.pdf	389x396	Aliens	6	PERSON
ufo-sightings.pdf	453x410	Aliens	6	PERSON
ufo-sightings.pdf	500x437	Aliens	6	PERSON
ufo-sightings.pdf	77x467	Robert	6	PERSON
ufo-sightings.pdf	54x480	Robert	6	PERSON
ufo-sightings.pdf	444x494	Robert	6	PERSON
ufo-sightings.pdf	176x480	Prometheus Books	16	PERSON
ufo-sightings.pdf	71x524	Julian E.	9	PERSON
ufo-sightings.pdf	70x581	Stefan	6	PERSON
ufo-sightings.pdf	26x654	Markham	7	PERSON
ufo-sightings.pdf	83x654	Devan	5	PERSON
ufo-sightings.pdf	26x684	Govett	6	PERSON
ufo-sightings.pdf	68x684	Zaria	5	PERSON
ufo-sightings.pdf	89x714	Iker	4	PERSON
ufo-sightings.pdf	96x741	El País	7	PERSON
ufo-sightings.pdf	26x17	Kottmeyer	9	PERSON
ufo-sightings.pdf	87x17	Martin S.	9	PERSON
ufo-sightings.pdf	321x30	Wendy M.	8	PERSON
ufo-sightings.pdf	426x30	Christopher C.	14	PERSON
ufo-sightings.pdf	78x74	Ezzy	4	PERSON
ufo-sightings.pdf	259x87	BBC Sky	7	PERSON
ufo-sightings.pdf	26x104	Marshall	8	PERSON
ufo-sightings.pdf	504x104	https://brazilian.re	20	PERSON
ufo-sightings.pdf	487x134	https://brazilian.re	20	PERSON
ufo-sightings.pdf	26x164	Betz	4	PERSON
ufo-sightings.pdf	57x164	Eric	4	PERSON
ufo-sightings.pdf	245x492	Eric	4	PERSON
ufo-sightings.pdf	84x506	Eric	4	PERSON
ufo-sightings.pdf	491x164	https://www.astrono	19	PERSON
ufo-sightings.pdf	349x207	Lisa Yaszek	11	PERSON
ufo-sightings.pdf	26x251	Reggiani	8	PERSON
ufo-sightings.pdf	163x251	Il Papiro Tulli	15	PERSON
ufo-sightings.pdf	439x264	analecta papyrologica	21	PERSON
ufo-sightings.pdf	69x278	XXIX	4	PERSON
ufo-sightings.pdf	383x291	R. Cedric Leonard "FIRE CIRCLES	31	PERSON
ufo-sightings.pdf	488x292	R. Cedric Leonard "FIRE CIRCLES	31	PERSON
ufo-sightings.pdf	551x291	R. Cedric Leonard "FIRE CIRCLES	31	PERSON
ufo-sightings.pdf	26x321	Remler	6	PERSON
ufo-sightings.pdf	71x321	Pat	3	PERSON
ufo-sightings.pdf	108x378	Thutmose III	12	PERSON
ufo-sightings.pdf	459x405	Gebel Barkal	12	PERSON
ufo-sightings.pdf	484x435	Gebel Barkal	12	PERSON
ufo-sightings.pdf	356x419	Photographs	11	PERSON
ufo-sightings.pdf	72x435	Andreas	7	PERSON
ufo-sightings.pdf	317x449	https://www.academia.edu/4864521	32	PERSON
ufo-sightings.pdf	43x476	https://www.academia.edu/4864521	32	PERSON
ufo-sightings.pdf	86x492	Richard R.	10	PERSON
ufo-sightings.pdf	416x549	Jason Colavito	14	PERSON
ufo-sightings.pdf	26x593	Vallee	6	PERSON
ufo-sightings.pdf	26x663	Vallee	6	PERSON
ufo-sightings.pdf	65x593	Jacques	7	PERSON
ufo-sightings.pdf	65x663	Jacques	7	PERSON
ufo-sightings.pdf	116x593	Aubek	5	PERSON
ufo-sightings.pdf	116x663	Aubek	5	PERSON
ufo-sightings.pdf	157x593	Chris	5	PERSON
ufo-sightings.pdf	157x663	Chris	5	PERSON
ufo-sightings.pdf	239x720	Canon Roberts	13	PERSON
ufo-sightings.pdf	384x720	E. P. Dutton	12	PERSON
ufo-sightings.pdf	78x17	Richard	7	PERSON
ufo-sightings.pdf	78x144	Richard	7	PERSON
ufo-sightings.pdf	127x74	An Ominous Appearance	21	PERSON
ufo-sightings.pdf	26x258	Cohen	5	PERSON
ufo-sightings.pdf	85x272	Cohen	5	PERSON
ufo-sightings.pdf	68x258	Jeffrey Jerome	14	PERSON
ufo-sightings.pdf	127x272	Jeffrey Jerome	14	PERSON
ufo-sightings.pdf	213x272	Duckert	7	PERSON
ufo-sightings.pdf	261x272	Lowell	6	PERSON
ufo-sightings.pdf	64x342	Jeffrey J. (	12	PERSON
ufo-sightings.pdf	430x342	Sacred	6	PERSON
ufo-sightings.pdf	204x74	pp	2	PERSON
ufo-sightings.pdf	105x87	pp	2	PERSON
ufo-sightings.pdf	544x101	pp	2	PERSON
ufo-sightings.pdf	334x201	pp	2	PERSON
ufo-sightings.pdf	112x228	pp	2	PERSON
ufo-sightings.pdf	412x356	pp	2	PERSON
ufo-sightings.pdf	333x627	pp	2	PERSON
ufo-sightings.pdf	26x372	Jung	4	PERSON
ufo-sightings.pdf	178x399	Jung	4	PERSON
ufo-sightings.pdf	59x372	Carl	4	PERSON
ufo-sightings.pdf	150x399	C.G. Jung	9	PERSON
ufo-sightings.pdf	505x399	Ein Moderner	12	PERSON
ufo-sightings.pdf	72x413	Von Dingen	10	PERSON
ufo-sightings.pdf	180x413	Himmel Gesehen	14	PERSON
ufo-sightings.pdf	26x456	Kyunghyang Shinmun	18	PERSON
ufo-sightings.pdf	26x500	Voisey	6	PERSON
ufo-sightings.pdf	67x500	Jon	3	PERSON
ufo-sightings.pdf	26x614	Genini	6	PERSON
ufo-sightings.pdf	68x614	Ron	3	PERSON
ufo-sightings.pdf	524x714	Ron	3	PERSON
ufo-sightings.pdf	75x728	Ron	3	PERSON
ufo-sightings.pdf	245x728	Ron	3	PERSON
ufo-sightings.pdf	84x741	Ron	3	PERSON
ufo-sightings.pdf	211x741	Ron	3	PERSON
ufo-sightings.pdf	408x614	http://www.americanheritage.com/co
ntent	40	PERSON
ufo-sightings.pdf	26x627	http://www.americanheritage.com/co
ntent	40	PERSON
ufo-sightings.pdf	219x714	Aurora	6	PERSON
ufo-sightings.pdf	341x728	https://web.archive.org/web/20110628200413/htt	46	PERSON
ufo-sightings.pdf	26x60	Michael Tarbell	15	PERSON
ufo-sightings.pdf	164x104	https://www.history.navy.mil/research/histories/ship-histories/danfs/s/supply-ii.htm
l	86	PERSON
ufo-sightings.pdf	26x117	https://www.history.navy.mil/research/histories/ship-histories/danfs/s/supply-ii.htm
l	86	PERSON
ufo-sightings.pdf	43x147	Frank H. Schofield	18	PERSON
ufo-sightings.pdf	26x191	Grameno	7	PERSON
ufo-sightings.pdf	62x278	Grameno	7	PERSON
ufo-sightings.pdf	46x291	Grameno	7	PERSON
ufo-sightings.pdf	478x291	Grameno	7	PERSON
ufo-sightings.pdf	72x332	Grameno	7	PERSON
ufo-sightings.pdf	83x191	Mihal	5	PERSON
ufo-sightings.pdf	30x278	Mihal	5	PERSON
ufo-sightings.pdf	446x291	Mihal	5	PERSON
ufo-sightings.pdf	40x332	Mihal	5	PERSON
ufo-sightings.pdf	83x234	Shqipëri	8	PERSON
ufo-sightings.pdf	415x278	Shqipëri	8	PERSON
ufo-sightings.pdf	517x278	Telegrafi	9	PERSON
ufo-sightings.pdf	331x305	Telegrafi	9	PERSON
ufo-sightings.pdf	26x318	Telegrafi	9	PERSON
ufo-sightings.pdf	536x318	Telegrafi	9	PERSON
ufo-sightings.pdf	26x362	Jay	3	PERSON
ufo-sightings.pdf	51x362	Paul	4	PERSON
ufo-sightings.pdf	26x405	bob.libs.uga.edu/bobk/tungmet.html	34	PERSON
ufo-sightings.pdf	73x419	bob.libs.uga.edu/bobk/tungmet.html	34	PERSON
ufo-sightings.pdf	26x435	Britt	5	PERSON
ufo-sightings.pdf	54x435	Robert Roy	10	PERSON
ufo-sightings.pdf	26x479	Oberg	5	PERSON
ufo-sightings.pdf	66x479	James	5	PERSON
ufo-sightings.pdf	435x479	https://www.nbcnews.com/id/w
bna5686713	39	PERSON
ufo-sightings.pdf	26x492	https://www.nbcnews.com/id/w
bna5686713	39	PERSON
ufo-sightings.pdf	197x623	=WH19090727.2.46	16	PERSON
ufo-sightings.pdf	315x623	Wanganui Herald	15	PERSON
ufo-sightings.pdf	26x666	Fernandes	9	PERSON
ufo-sightings.pdf	26x683	Fernandes	9	PERSON
ufo-sightings.pdf	26x699	Fernandes	9	PERSON
ufo-sightings.pdf	142x699	Fernandes	9	PERSON
ufo-sightings.pdf	264x699	Berenguel	9	PERSON
ufo-sightings.pdf	326x699	Raul	4	PERSON
ufo-sightings.pdf	395x699	Fatima Revisited	16	PERSON
ufo-sightings.pdf	127x716	Fatima	6	PERSON
ufo-sightings.pdf	163x729	Fatima	6	PERSON
ufo-sightings.pdf	26x17	Nicholas Roerich	16	PERSON
ufo-sightings.pdf	191x30	Nicholas Roerich	16	PERSON
ufo-sightings.pdf	162x17	Altai Himalaya	14	PERSON
ufo-sightings.pdf	26x30	Frederick A. Stokes Company	27	PERSON
ufo-sightings.pdf	226x114	Andrew Tomas	12	PERSON
ufo-sightings.pdf	312x114	Nicolas Roerich	15	PERSON
ufo-sightings.pdf	261x198	https://search.worldcat.org/oclc/1006670115	43	PERSON
ufo-sightings.pdf	212x228	Kapadia	7	PERSON
ufo-sightings.pdf	47x255	Himalayan Journal	17	PERSON
ufo-sightings.pdf	26x272	Horrell	7	PERSON
ufo-sightings.pdf	26x285	Horrell	7	PERSON
ufo-sightings.pdf	312x299	Horrell	7	PERSON
ufo-sightings.pdf	68x272	Mark	4	PERSON
ufo-sightings.pdf	577x272	Mark	4	PERSON
ufo-sightings.pdf	286x299	Mark	4	PERSON
ufo-sightings.pdf	213x272	Frank Smythe	12	PERSON
ufo-sightings.pdf	419x272	George Mallory	14	PERSON
ufo-sightings.pdf	26x473	Hartnett	8	PERSON
ufo-sightings.pdf	76x473	Kara	4	PERSON
ufo-sightings.pdf	26x530	Rasmussen	9	PERSON
ufo-sightings.pdf	26x630	Solomon	7	PERSON
ufo-sightings.pdf	80x630	Michael	7	PERSON
ufo-sightings.pdf	368x630	Richard H.	10	PERSON
ufo-sightings.pdf	26x17	Reida	5	PERSON
ufo-sightings.pdf	64x17	Alvah M.	8	PERSON
ufo-sightings.pdf	361x17	Richard H.	10	PERSON
ufo-sightings.pdf	78x185	Brian	5	PERSON
ufo-sightings.pdf	328x185	Skeptoid	8	PERSON
ufo-sightings.pdf	490x185	Skeptoid	8	PERSON
ufo-sightings.pdf	77x215	Jacob Darwin	12	PERSON
ufo-sightings.pdf	130x285	Helsingborgs Dagblad	20	PERSON
ufo-sightings.pdf	26x329	Harrison	8	PERSON
ufo-sightings.pdf	78x329	Dick	4	PERSON
ufo-sightings.pdf	26x342	Svenska Dagbladet	17	PERSON
ufo-sightings.pdf	114x342	Det	3	PERSON
ufo-sightings.pdf	506x356	Det	3	PERSON
ufo-sightings.pdf	26x413	Semitjov	8	PERSON
ufo-sightings.pdf	360x369	pp	2	PERSON
ufo-sightings.pdf	33x383	pp	2	PERSON
ufo-sightings.pdf	382x426	pp	2	PERSON
ufo-sightings.pdf	404x567	pp	2	PERSON
ufo-sightings.pdf	67x470	Erik	4	PERSON
ufo-sightings.pdf	26x554	Grossman	8	PERSON
ufo-sightings.pdf	88x554	Wendy M.	8	PERSON
ufo-sightings.pdf	193x554	Christopher C.	14	PERSON
ufo-sightings.pdf	26x611	Bequette	8	PERSON
ufo-sightings.pdf	357x665	Bequette	8	PERSON
ufo-sightings.pdf	81x611	William C.	10	PERSON
ufo-sightings.pdf	358x611	Seein	5	PERSON
ufo-sightings.pdf	407x611	Believin	8	PERSON
ufo-sightings.pdf	488x611	Flyer	5	PERSON
ufo-sightings.pdf	26x17	Grossman	8	PERSON
ufo-sightings.pdf	88x17	Wendy M.	8	PERSON
ufo-sightings.pdf	193x17	Christopher C.	14	PERSON
ufo-sightings.pdf	26x204	Williams	8	PERSON
ufo-sightings.pdf	78x204	Linda	5	PERSON
ufo-sightings.pdf	75x234	Edward Euhler	13	PERSON
ufo-sightings.pdf	548x234	Dutton	6	PERSON
ufo-sightings.pdf	152x248	Boulder	7	PERSON
ufo-sightings.pdf	26x264	Robert C. Hanika	16	PERSON
ufo-sightings.pdf	86x294	Roswell	7	PERSON
ufo-sightings.pdf	254x294	http://www.cnn.com/US/9706/18/ufo.report/	41	PERSON
ufo-sightings.pdf	326x308	http://www.cnn.com/US/9706/18/ufo.report/	41	PERSON
ufo-sightings.pdf	81x338	Bruce	5	PERSON
ufo-sightings.pdf	26x408	Harrison	8	PERSON
ufo-sightings.pdf	78x408	Albert A.	9	PERSON
ufo-sightings.pdf	286x422	Berghahn Books	14	PERSON
ufo-sightings.pdf	26x465	Ruppelt	7	PERSON
ufo-sightings.pdf	26x552	Ruppelt	7	PERSON
ufo-sightings.pdf	74x465	Edward J. (	11	PERSON
ufo-sightings.pdf	74x552	Edward J. (	11	PERSON
ufo-sightings.pdf	26x509	Carpenter	9	PERSON
ufo-sightings.pdf	271x509	http://www.project1947.com/gfb/gfbchron.html	44	PERSON
ufo-sightings.pdf	326x522	http://www.project1947.com/gfb/gfbchron.html	44	PERSON
ufo-sightings.pdf	59x609	Garrett M.	10	PERSON
ufo-sightings.pdf	26x17	Irvin	5	PERSON
ufo-sightings.pdf	56x17	Leigh	5	PERSON
ufo-sightings.pdf	68x74	Robert Todd	11	PERSON
ufo-sightings.pdf	323x74	http://skepdic.com/aztec.html	29	PERSON
ufo-sightings.pdf	386x87	http://skepdic.com/aztec.html	29	PERSON
ufo-sightings.pdf	140x87	https://web.archive.org/web/20000526033727/http://skepdic.com/aztec.html	72	PERSON
ufo-sightings.pdf	26x117	John Michael Greer	18	PERSON
ufo-sightings.pdf	269x131	Llewellyn Worldwide	19	PERSON
ufo-sightings.pdf	384x131	pp	2	PERSON
ufo-sightings.pdf	42x264	pp	2	PERSON
ufo-sightings.pdf	205x378	pp	2	PERSON
ufo-sightings.pdf	176x593	pp	2	PERSON
ufo-sightings.pdf	539x623	pp	2	PERSON
ufo-sightings.pdf	176x666	pp	2	PERSON
ufo-sightings.pdf	154x710	pp	2	PERSON
ufo-sightings.pdf	26x174	Clark	5	PERSON
ufo-sightings.pdf	26x234	Clark	5	PERSON
ufo-sightings.pdf	61x174	Jerome	6	PERSON
ufo-sightings.pdf	61x234	Jerome	6	PERSON
ufo-sightings.pdf	72x204	Donald	6	PERSON
ufo-sightings.pdf	72x696	Donald	6	PERSON
ufo-sightings.pdf	380x234	Citadel Press	13	PERSON
ufo-sightings.pdf	74x264	Edward J.	9	PERSON
ufo-sightings.pdf	26x308	Killen	6	PERSON
ufo-sightings.pdf	62x308	John	4	PERSON
ufo-sightings.pdf	348x321	s_t.html	8	PERSON
ufo-sightings.pdf	26x348	s_t.html	8	PERSON
ufo-sightings.pdf	26x365	Baker	5	PERSON
ufo-sightings.pdf	26x395	Baker	5	PERSON
ufo-sightings.pdf	97x408	Baker	5	PERSON
ufo-sightings.pdf	406x435	Baker	5	PERSON
ufo-sightings.pdf	64x365	R.M.L.	6	PERSON
ufo-sightings.pdf	346x365	Carl	4	PERSON
ufo-sightings.pdf	26x509	Carl	4	PERSON
ufo-sightings.pdf	375x365	Page	4	PERSON
ufo-sightings.pdf	482x593	Page	4	PERSON
ufo-sightings.pdf	482x666	Page	4	PERSON
ufo-sightings.pdf	410x365	Thornton	8	PERSON
ufo-sightings.pdf	64x395	R. M. L.	8	PERSON
ufo-sightings.pdf	445x408	XV	2	PERSON
ufo-sightings.pdf	144x465	Robert	6	PERSON
ufo-sightings.pdf	74x509	Peter	5	PERSON
ufo-sightings.pdf	73x579	Powell	6	PERSON
ufo-sightings.pdf	73x653	Powell	6	PERSON
ufo-sightings.pdf	80x593	Anomalist Books	15	PERSON
ufo-sightings.pdf	80x666	Anomalist Books	15	PERSON
ufo-sightings.pdf	355x204	Myth	4	PERSON
ufo-sightings.pdf	423x623	Myth	4	PERSON
ufo-sightings.pdf	544x696	Myth	4	PERSON
ufo-sightings.pdf	193x17	John	4	PERSON
ufo-sightings.pdf	26x74	Miller	6	PERSON
ufo-sightings.pdf	61x74	James	5	PERSON
ufo-sightings.pdf	105x429	James	5	PERSON
ufo-sightings.pdf	87x446	James	5	PERSON
ufo-sightings.pdf	26x101	Imagining Outer Space	21	PERSON
ufo-sightings.pdf	229x101	doi:10.1057/9780230361362_13	28	PERSON
ufo-sightings.pdf	26x131	Padula	6	PERSON
ufo-sightings.pdf	26x188	Padula	6	PERSON
ufo-sightings.pdf	70x131	Richard	7	PERSON
ufo-sightings.pdf	70x188	Richard	7	PERSON
ufo-sightings.pdf	371x131	Fiorentina	10	PERSON
ufo-sightings.pdf	436x131	Stadio Artemio Franchi	22	PERSON
ufo-sightings.pdf	266x144	BBC Sport	9	PERSON
ufo-sightings.pdf	68x231	Joe	3	PERSON
ufo-sightings.pdf	78x345	Nat	3	PERSON
ufo-sightings.pdf	276x725	Nat	3	PERSON
ufo-sightings.pdf	26x416	Sagan	5	PERSON
ufo-sightings.pdf	260x429	Sagan	5	PERSON
ufo-sightings.pdf	68x416	Carl	4	PERSON
ufo-sightings.pdf	234x429	Carl	4	PERSON
ufo-sightings.pdf	96x416	Page	4	PERSON
ufo-sightings.pdf	131x416	Thornton	8	PERSON
ufo-sightings.pdf	140x486	https://web.archive.org/web/20200723072851/https://static1.squarespace.com/static/5c
f80ff422b5a90001351e31/t/5d092d4990f93c000119785c/1560882508023	148	PERSON
ufo-sightings.pdf	26x500	https://web.archive.org/web/20200723072851/https://static1.squarespace.com/static/5c
f80ff422b5a90001351e31/t/5d092d4990f93c000119785c/1560882508023	148	PERSON
ufo-sightings.pdf	73x530	Lauren	6	PERSON
ufo-sightings.pdf	445x530	Lauren	6	PERSON
ufo-sightings.pdf	113x557	Lauren	6	PERSON
ufo-sightings.pdf	30x587	Elizabeth Klarer	16	PERSON
ufo-sightings.pdf	334x614	Cape Argus	10	PERSON
ufo-sightings.pdf	172x600	elizabeth-klarer	16	PERSON
ufo-sightings.pdf	279x641	elizabeth-klarer	16	PERSON
ufo-sightings.pdf	26x684	Martin	6	PERSON
ufo-sightings.pdf	66x684	Robert	6	PERSON
ufo-sightings.pdf	230x684	Gordon Cooper	13	PERSON
ufo-sightings.pdf	72x17	Gordon	6	PERSON
ufo-sightings.pdf	184x17	Bruce	5	PERSON
ufo-sightings.pdf	473x17	pp	2	PERSON
ufo-sightings.pdf	26x758	pp	2	PERSON
ufo-sightings.pdf	26x90	Burnett	7	PERSON
ufo-sightings.pdf	369x104	Burnett	7	PERSON
ufo-sightings.pdf	470x117	Burnett	7	PERSON
ufo-sightings.pdf	66x147	Michael	7	PERSON
ufo-sightings.pdf	279x147	Milton Torres	13	PERSON
ufo-sightings.pdf	26x218	Spangler	8	PERSON
ufo-sightings.pdf	80x218	Nicholas	8	PERSON
ufo-sightings.pdf	165x161	Tim	3	PERSON
ufo-sightings.pdf	181x174	Tim	3	PERSON
ufo-sightings.pdf	26x188	Tim	3	PERSON
ufo-sightings.pdf	564x218	Tim	3	PERSON
ufo-sightings.pdf	374x231	Tim	3	PERSON
ufo-sightings.pdf	240x245	Tim	3	PERSON
ufo-sightings.pdf	63x275	Tim	3	PERSON
ufo-sightings.pdf	26x332	Tim	3	PERSON
ufo-sightings.pdf	72x345	Tim	3	PERSON
ufo-sightings.pdf	124x345	Tim	3	PERSON
ufo-sightings.pdf	384x345	Tim	3	PERSON
ufo-sightings.pdf	131x359	Tim	3	PERSON
ufo-sightings.pdf	183x359	Tim	3	PERSON
ufo-sightings.pdf	75x389	Tim	3	PERSON
ufo-sightings.pdf	127x389	Tim	3	PERSON
ufo-sightings.pdf	377x389	Tim	3	PERSON
ufo-sightings.pdf	38x402	Tim	3	PERSON
ufo-sightings.pdf	90x402	Tim	3	PERSON
ufo-sightings.pdf	62x375	John	4	PERSON
ufo-sightings.pdf	26x603	John	4	PERSON
ufo-sightings.pdf	72x419	Evelyn	6	PERSON
ufo-sightings.pdf	103x432	http://www.dchieftain.com/news/81987-07-30-08.html	50	PERSON
ufo-sightings.pdf	92x446	http://www.dchieftain.com/news/81987-07-30-08.html	50	PERSON
ufo-sightings.pdf	88x462	Simon	5	PERSON
ufo-sightings.pdf	359x462	Spaceman	8	PERSON
ufo-sightings.pdf	428x462	https://www.bbc.com/news/uk-en	30	PERSON
ufo-sightings.pdf	30x492	Peristiwa	9	PERSON
ufo-sightings.pdf	451x506	Peristiwa	9	PERSON
ufo-sightings.pdf	194x546	Peristiwa	9	PERSON
ufo-sightings.pdf	113x492	Dwikora	7	PERSON
ufo-sightings.pdf	523x506	Dwikora	7	PERSON
ufo-sightings.pdf	266x546	Dwikora	7	PERSON
ufo-sightings.pdf	504x492	Artileri Pertahanan
Udara	25	PERSON
ufo-sightings.pdf	26x506	Artileri Pertahanan
Udara	25	PERSON
ufo-sightings.pdf	26x576	Carr	4	PERSON
ufo-sightings.pdf	439x576	Carr	4	PERSON
ufo-sightings.pdf	302x590	Carr	4	PERSON
ufo-sightings.pdf	346x590	Carr	4	PERSON
ufo-sightings.pdf	152x630	Carr	4	PERSON
ufo-sightings.pdf	196x630	Carr	4	PERSON
ufo-sightings.pdf	56x576	Gerald P.	9	PERSON
ufo-sightings.pdf	386x576	Gerald P.	9	PERSON
ufo-sightings.pdf	343x603	Kevin M. Rusnak	15	PERSON
ufo-sightings.pdf	440x603	Huntsville	10	PERSON
ufo-sightings.pdf	26x660	Robinson	8	PERSON
ufo-sightings.pdf	84x660	J. Dennis	9	PERSON
ufo-sightings.pdf	252x660	Norman Muscarello Recalls	25	PERSON
ufo-sightings.pdf	74x731	Brenda	6	PERSON
ufo-sightings.pdf	78x17	Peter	5	PERSON
ufo-sightings.pdf	151x17	The Good People: New Fairylore Essays	37	PERSON
ufo-sightings.pdf	66x47	Matthew	7	PERSON
ufo-sightings.pdf	26x60	al-heritage	11	PERSON
ufo-sightings.pdf	158x87	al-heritage	11	PERSON
ufo-sightings.pdf	26x117	Kecksburg Volunteer Fire Department	35	PERSON
ufo-sightings.pdf	26x161	Oberg	5	PERSON
ufo-sightings.pdf	229x161	Oberg	5	PERSON
ufo-sightings.pdf	87x174	Oberg	5	PERSON
ufo-sightings.pdf	174x188	Oberg	5	PERSON
ufo-sightings.pdf	66x161	James	5	PERSON
ufo-sightings.pdf	55x174	James	5	PERSON
ufo-sightings.pdf	142x188	James	5	PERSON
ufo-sightings.pdf	207x161	Jim Oberg	9	PERSON
ufo-sightings.pdf	279x305	Skeptoid	8	PERSON
ufo-sightings.pdf	442x305	Skeptoid	8	PERSON
ufo-sightings.pdf	65x335	Domagoj	7	PERSON
ufo-sightings.pdf	86x408	Darren	6	PERSON
ufo-sightings.pdf	67x452	Jay	3	PERSON
ufo-sightings.pdf	86x482	Jon	3	PERSON
ufo-sightings.pdf	67x539	Molly	5	PERSON
ufo-sightings.pdf	415x596	https://www.bbc.co.uk/news/uk-eng
land-41110193	47	PERSON
ufo-sightings.pdf	26x609	https://www.bbc.co.uk/news/uk-eng
land-41110193	47	PERSON
ufo-sightings.pdf	308x218	Library	7	PERSON
ufo-sightings.pdf	206x669	Library	7	PERSON
ufo-sightings.pdf	306x713	Library	7	PERSON
ufo-sightings.pdf	26x713	w.collectionscanada.gc.ca/ufo/002029-1501-e.html	48	PERSON
ufo-sightings.pdf	120x726	w.collectionscanada.gc.ca/ufo/002029-1501-e.html	48	PERSON
ufo-sightings.pdf	72x726	http://www.collectionscanada.gc.ca/ufo/002029-1501-e.html	57	PERSON
ufo-sightings.pdf	26x17	O'Toole	7	PERSON
ufo-sightings.pdf	73x17	Thomas	6	PERSON
ufo-sightings.pdf	319x17	Jimmy Logged	12	PERSON
ufo-sightings.pdf	239x87	Ilmavoimien lentäjät	20	PERSON
ufo-sightings.pdf	88x144	Jacob	5	PERSON
ufo-sightings.pdf	67x228	Peter	5	PERSON
ufo-sightings.pdf	140x228	Conspiracy Theories	19	PERSON
ufo-sightings.pdf	84x285	Gillian	7	PERSON
ufo-sightings.pdf	242x356	Bala	4	PERSON
ufo-sightings.pdf	196x456	John Lennon	11	PERSON
ufo-sightings.pdf	225x513	John Lennon	11	PERSON
ufo-sightings.pdf	42x470	john-lennon-extra-terrestrial-experience/	41	PERSON
ufo-sightings.pdf	190x483	john-lennon-extra-terrestrial-experience/	41	PERSON
ufo-sightings.pdf	291x527	john-lennon	11	PERSON
ufo-sightings.pdf	78x554	john-lennon	11	PERSON
ufo-sightings.pdf	277x30	Jim	3	PERSON
ufo-sightings.pdf	264x57	Jim	3	PERSON
ufo-sightings.pdf	68x600	Jim	3	PERSON
ufo-sightings.pdf	61x684	Lisa	4	PERSON
ufo-sightings.pdf	168x17	Saucer Traveler	15	PERSON
ufo-sightings.pdf	26x87	Speigel	7	PERSON
ufo-sightings.pdf	73x87	Lee	3	PERSON
ufo-sightings.pdf	364x87	Travis Walton	13	PERSON
ufo-sightings.pdf	26x144	Lewis-Kraus	11	PERSON
ufo-sightings.pdf	143x215	Yu	2	PERSON
ufo-sightings.pdf	88x272	Fernando	8	PERSON
ufo-sightings.pdf	468x285	Folha de S. Paulo	17	PERSON
ufo-sightings.pdf	26x342	Charleaux	9	PERSON
ufo-sightings.pdf	88x342	João Paulo	10	PERSON
ufo-sightings.pdf	542x356	piauí	5	PERSON
ufo-sightings.pdf	160x369	Editora Alvinegra	17	PERSON
ufo-sightings.pdf	30x399	Operação Prato	14	PERSON
ufo-sightings.pdf	162x429	Kosmici	7	PERSON
ufo-sightings.pdf	154x443	Kosmici	7	PERSON
ufo-sightings.pdf	356x429	się w Emilcinie	15	PERSON
ufo-sightings.pdf	433x443	Aliens	6	PERSON
ufo-sightings.pdf	26x473	Russell	7	PERSON
ufo-sightings.pdf	72x473	Mark	4	PERSON
ufo-sightings.pdf	477x30	Victoria	8	PERSON
ufo-sightings.pdf	211x473	Victoria	8	PERSON
ufo-sightings.pdf	133x486	Victoria	8	PERSON
ufo-sightings.pdf	46x513	Victoria	8	PERSON
ufo-sightings.pdf	149x543	Guernsey	8	PERSON
ufo-sightings.pdf	424x543	Guernsey	8	PERSON
ufo-sightings.pdf	77x570	Guernsey	8	PERSON
ufo-sightings.pdf	540x587	La Nazione	10	PERSON
ufo-sightings.pdf	26x617	Strang	6	PERSON
ufo-sightings.pdf	68x617	Bob	3	PERSON
ufo-sightings.pdf	338x617	Kaikōura	8	PERSON
ufo-sightings.pdf	54x690	Kaikōura	8	PERSON
ufo-sightings.pdf	26x717	Zealand Herald	14	PERSON
ufo-sightings.pdf	26x734	Clark	5	PERSON
ufo-sightings.pdf	61x734	Jerome	6	PERSON
ufo-sightings.pdf	26x764	Klass	5	PERSON
ufo-sightings.pdf	62x764	Philip J.	9	PERSON
ufo-sightings.pdf	303x764	Prometheus Books	16	PERSON
ufo-sightings.pdf	171x17	Livingston	10	PERSON
ufo-sightings.pdf	60x30	Livingston	10	PERSON
ufo-sightings.pdf	198x47	Bob	3	PERSON
ufo-sightings.pdf	581x47	Bob	3	PERSON
ufo-sightings.pdf	30x77	Robert Taylor	13	PERSON
ufo-sightings.pdf	64x107	Jaime	5	PERSON
ufo-sightings.pdf	532x107	https://elpais	14	PERSON
ufo-sightings.pdf	221x134	https://elpais	14	PERSON
ufo-sightings.pdf	333x120	El País	7	PERSON
ufo-sightings.pdf	445x120	Valencia	8	PERSON
ufo-sightings.pdf	75x221	Oscar Santa María	17	PERSON
ufo-sightings.pdf	388x221	Kean	4	PERSON
ufo-sightings.pdf	423x221	Leslie	6	PERSON
ufo-sightings.pdf	30x251	Piloto se '	11	PERSON
ufo-sightings.pdf	289x321	Sarasota Herald-Tribune	23	PERSON
ufo-sightings.pdf	427x321	Gannett	7	PERSON
ufo-sightings.pdf	26x422	Wukman	6	PERSON
ufo-sightings.pdf	79x422	Alex	4	PERSON
ufo-sightings.pdf	371x77	Robert	6	PERSON
ufo-sightings.pdf	83x465	Robert	6	PERSON
ufo-sightings.pdf	26x509	Wilson	6	PERSON
ufo-sightings.pdf	69x509	Jim	3	PERSON
ufo-sightings.pdf	224x522	Edwin Herder	12	PERSON
ufo-sightings.pdf	302x522	Hearst Magazines	16	PERSON
ufo-sightings.pdf	154x552	Déguillaume	11	PERSON
ufo-sightings.pdf	401x552	Les OVNIS du CNES	17	PERSON
ufo-sightings.pdf	243x606	GEPAN	5	PERSON
ufo-sightings.pdf	193x623	de Trans-en-Provence (Report	28	PERSON
ufo-sightings.pdf	26x669	Renascença	10	PERSON
ufo-sightings.pdf	78x683	Renascença	10	PERSON
ufo-sightings.pdf	328x696	Renascença	10	PERSON
ufo-sightings.pdf	26x683	espiões - Renascença	20	PERSON
ufo-sightings.pdf	293x696	Rádio Renascença	16	PERSON
ufo-sightings.pdf	64x726	Cheryl	6	PERSON
ufo-sightings.pdf	300x17	J. Allen Hynek	14	PERSON
ufo-sightings.pdf	79x60	Jeffrey	7	PERSON
ufo-sightings.pdf	250x117	https://unsolved.com/gallery/hudson-valley-ufo/	47	PERSON
ufo-sightings.pdf	326x131	https://unsolved.com/gallery/hudson-valley-ufo/	47	PERSON
ufo-sightings.pdf	82x161	André	5	PERSON
ufo-sightings.pdf	76x218	Shukan	6	PERSON
ufo-sightings.pdf	26x275	Loy Lawhon	10	PERSON
ufo-sightings.pdf	26x476	Myers	5	PERSON
ufo-sightings.pdf	66x476	Craig	5	PERSON
ufo-sightings.pdf	362x476	https://www.newspapers.com/clip/98969864/
pensacola-news-journal-june-10-1990/	78	PERSON
ufo-sightings.pdf	26x489	https://www.newspapers.com/clip/98969864/
pensacola-news-journal-june-10-1990/	78	PERSON
ufo-sightings.pdf	26x603	Fein	4	PERSON
ufo-sightings.pdf	56x603	Esther B.	9	PERSON
ufo-sightings.pdf	26x630	nsist.html	10	PERSON
ufo-sightings.pdf	82x647	Lily	4	PERSON
ufo-sightings.pdf	59x17	John	4	PERSON
ufo-sightings.pdf	61x513	John	4	PERSON
ufo-sightings.pdf	469x57	A. Kuzovkin	11	PERSON
ufo-sightings.pdf	354x101	Calvine	7	PERSON
ufo-sightings.pdf	518x114	Calvine	7	PERSON
ufo-sightings.pdf	74x245	Sean	4	PERSON
ufo-sightings.pdf	26x302	Mori	4	PERSON
ufo-sightings.pdf	205x302	Mori	4	PERSON
ufo-sightings.pdf	183x315	Mori	4	PERSON
ufo-sightings.pdf	140x329	Mori	4	PERSON
ufo-sightings.pdf	26x345	Daniela Maciel	14	PERSON
ufo-sightings.pdf	218x359	Comercio	8	PERSON
ufo-sightings.pdf	493x359	Comercio	8	PERSON
ufo-sightings.pdf	342x372	Comercio	8	PERSON
ufo-sightings.pdf	270x416	ISTOÉ	5	PERSON
ufo-sightings.pdf	77x557	Robert	6	PERSON
ufo-sightings.pdf	26x630	Sharon Rowlands	15	PERSON
ufo-sightings.pdf	26x674	Bates	5	PERSON
ufo-sightings.pdf	195x302	Tom	3	PERSON
ufo-sightings.pdf	173x315	Tom	3	PERSON
ufo-sightings.pdf	130x329	Tom	3	PERSON
ufo-sightings.pdf	63x674	Tom	3	PERSON
ufo-sightings.pdf	26x17	Smith	5	PERSON
ufo-sightings.pdf	64x17	James C.	8	PERSON
ufo-sightings.pdf	429x17	Ball Lightning	14	PERSON
ufo-sightings.pdf	71x74	Kevin	5	PERSON
ufo-sightings.pdf	60x218	Jeff	4	PERSON
ufo-sightings.pdf	77x275	Sam	3	PERSON
ufo-sightings.pdf	170x275	Dave	4	PERSON
ufo-sightings.pdf	250x275	Vic	3	PERSON
ufo-sightings.pdf	339x161	Tinley Park	11	PERSON
ufo-sightings.pdf	278x275	Tinley Park	11	PERSON
ufo-sightings.pdf	116x318	Kean	4	PERSON
ufo-sightings.pdf	151x318	Leslie	6	PERSON
ufo-sightings.pdf	189x318	Blumenthal	10	PERSON
ufo-sightings.pdf	256x318	Ralph	5	PERSON
ufo-sightings.pdf	26x389	McCarthy	8	PERSON
ufo-sightings.pdf	83x389	Kelly	5	PERSON
ufo-sightings.pdf	26x446	Rosenberg	9	PERSON
ufo-sightings.pdf	385x530	Les	3	PERSON
ufo-sightings.pdf	122x557	Les	3	PERSON
ufo-sightings.pdf	70x587	Les	3	PERSON
ufo-sightings.pdf	26x630	Lewis-Kraus	11	PERSON
ufo-sightings.pdf	84x687	Matthew	7	PERSON
ufo-sightings.pdf	30x44	Wolverhampton	13	PERSON
ufo-sightings.pdf	136x101	Wolverhampton	13	PERSON
ufo-sightings.pdf	109x288	ver-Cardiff.html	16	PERSON
ufo-sightings.pdf	26x315	ver-Cardiff.html	16	PERSON
ufo-sightings.pdf	105x332	Rudy	4	PERSON
ufo-sightings.pdf	139x332	Joe	3	PERSON
ufo-sightings.pdf	26x375	Moskowitz	9	PERSON
ufo-sightings.pdf	89x375	Clara	5	PERSON
ufo-sightings.pdf	121x419	Andersen	8	PERSON
ufo-sightings.pdf	179x419	Ingunn	6	PERSON
ufo-sightings.pdf	26x432	mystiske kjempespiralen	23	PERSON
ufo-sightings.pdf	426x446	Verdens Gang	12	PERSON
ufo-sightings.pdf	26x473	l.php?artid=596369	18	PERSON
ufo-sightings.pdf	65x489	Alexander	9	PERSON
ufo-sightings.pdf	406x546	https://web.archive.org/web/2011080
4224342/http://www.cbc.ca/news/canada/newfoundland-labrador/story/2010/01/27/nl-ufo-military-012710.ht
ml	141	PERSON
ufo-sightings.pdf	26x560	https://web.archive.org/web/2011080
4224342/http://www.cbc.ca/news/canada/newfoundland-labrador/story/2010/01/27/nl-ufo-military-012710.ht
ml	141	PERSON
ufo-sightings.pdf	26x573	https://web.archive.org/web/2011080
4224342/http://www.cbc.ca/news/canada/newfoundland-labrador/story/2010/01/27/nl-ufo-military-012710.ht
ml	141	PERSON
ufo-sightings.pdf	168x620	Popocatepeti Volcano Captured	29	PERSON
ufo-sightings.pdf	116x650	Blumenthal	10	PERSON
ufo-sightings.pdf	183x650	Ralph	5	PERSON
ufo-sightings.pdf	221x650	Kean	4	PERSON
ufo-sightings.pdf	256x650	Leslie	6	PERSON
ufo-sightings.pdf	70x17	Richard	7	PERSON
ufo-sightings.pdf	270x44	https://archive.today/20211102202114/https://www.latimes.co	59	PERSON
ufo-sightings.pdf	72x87	Maria	5	PERSON
ufo-sightings.pdf	80x144	Bill	4	PERSON
ufo-sightings.pdf	74x215	Gerrard	7	PERSON
ufo-sightings.pdf	69x285	Gordon	6	PERSON
ufo-sightings.pdf	115x285	Youssef	7	PERSON
ufo-sightings.pdf	164x285	Nancy A.	8	PERSON
ufo-sightings.pdf	70x356	Howard	6	PERSON
ufo-sightings.pdf	26x386	Greet	5	PERSON
ufo-sightings.pdf	63x386	Kai	3	PERSON
ufo-sightings.pdf	149x413	David Cenciotti	15	PERSON
ufo-sightings.pdf	70x429	Ernie	5	PERSON
ufo-sightings.pdf	26x473	Kelley	6	PERSON
ufo-sightings.pdf	64x473	Tina	4	PERSON
ufo-sightings.pdf	26x513	base-had-11-confirmed-mystery-drone-sightings-army-says.html	60	PERSON
ufo-sightings.pdf	26x587	Jr	2	PERSON
ufo-sightings.pdf	42x587	Fernando Cervantes	18	PERSON
ufo-sightings.pdf	215x600	https://www.usatoday.com/story/news/nation/2024/12/13/mysterious-dron	69	PERSON
